scenario_id,scenario_name,timestamp_utc,timestamp_ist,outdoor_C,free_indoor_mean_C,free_indoor_min_C,free_indoor_max_C,ideal_indoor_mean_C,ideal_heating_avg_kW,ideal_heating_energy_kWh,window_solar_gain_avg_kW
baseline,Baseline Shelter,2025-01-15T00:00:00+00:00,2025-01-15T05:30:00+05:30,-30.81,-27.41863716330177,-27.87462810792417,-26.872856502429965,20.0,6.311632551377307,6.311632551377307,0.0
baseline,Baseline Shelter,2025-01-15T01:00:00+00:00,2025-01-15T06:30:00+05:30,-31.99,-28.742587876564574,-29.16915339869082,-28.233353810735945,20.0,6.485014500610174,6.485014500610173,0.0
baseline,Baseline Shelter,2025-01-15T02:00:00+00:00,2025-01-15T07:30:00+05:30,-32.22,-25.712770928526506,-26.794811935992993,-25.249871707857277,20.0,5.782149521245136,5.7821495212451355,0.7109955117516493
baseline,Baseline Shelter,2025-01-15T03:00:00+00:00,2025-01-15T08:30:00+05:30,-29.35,-20.445789577419305,-22.284748206824727,-19.407364862241955,20.0,4.847752110477647,4.847752110477647,1.2532512261260376
baseline,Baseline Shelter,2025-01-15T04:00:00+00:00,2025-01-15T09:30:00+05:30,-24.34,-16.105491871383055,-17.606877836881637,-15.137736642377211,20.0,4.249788629194913,4.249788629194913,1.1725451285838422
baseline,Baseline Shelter,2025-01-15T05:00:00+00:00,2025-01-15T10:30:00+05:30,-20.29,-12.602384673182973,-13.71985100139163,-11.956315074404532,20.0,3.8235306742476247,3.8235306742476247,0.9368546846541964
baseline,Baseline Shelter,2025-01-15T06:00:00+00:00,2025-01-15T11:30:00+05:30,-15.8,-10.161920753350387,-10.933567524637237,-9.769315026325115,20.0,3.5710704319763167,3.5710704319763167,0.549442181086134
baseline,Baseline Shelter,2025-01-15T07:00:00+00:00,2025-01-15T12:30:00+05:30,-11.77,-7.287966234561193,-8.870099640442302,-5.860733835373297,20.0,3.1609301399239396,3.1609301399239396,0.395089882785709
baseline,Baseline Shelter,2025-01-15T08:00:00+00:00,2025-01-15T13:30:00+05:30,-10.09,-4.011798818608726,-5.187265647582035,-2.9626956616941587,20.0,2.743688674409428,2.7436886744094284,0.46262495488917194
baseline,Baseline Shelter,2025-01-15T09:00:00+00:00,2025-01-15T14:30:00+05:30,-9.71,-2.4043432970351115,-2.8998948633926678,-1.9118794996580772,20.0,2.6435853389884905,2.6435853389884905,0.44008348982253276
baseline,Baseline Shelter,2025-01-15T10:00:00+00:00,2025-01-15T15:30:00+05:30,-10.22,-2.1616117734714986,-2.235323401303881,-2.066434227434701,20.0,2.7315065035567145,2.731506503556714,0.39256884209596726
baseline,Baseline Shelter,2025-01-15T11:00:00+00:00,2025-01-15T16:30:00+05:30,-12.16,-4.436359482156933,-5.213660681337416,-3.369453385605303,20.0,3.2428954838311803,3.2428954838311803,0.17540927073298768
baseline,Baseline Shelter,2025-01-15T12:00:00+00:00,2025-01-15T17:30:00+05:30,-14.43,-7.984246723676159,-9.090362524458207,-6.569739981745442,20.0,3.8487233084234918,3.8487233084234918,0.0
baseline,Baseline Shelter,2025-01-15T13:00:00+00:00,2025-01-15T18:30:00+05:30,-15.95,-10.664251222671558,-11.488935918097724,-9.70288551751898,20.0,4.187814308641595,4.187814308641595,0.0
baseline,Baseline Shelter,2025-01-15T14:00:00+00:00,2025-01-15T19:30:00+05:30,-16.99,-12.673121928168356,-13.302769815029325,-11.942306278007607,20.0,4.414483305186231,4.414483305186231,0.0
baseline,Baseline Shelter,2025-01-15T15:00:00+00:00,2025-01-15T20:30:00+05:30,-17.83,-14.22465402672514,-14.712604112836134,-13.657386091592443,20.0,4.5770481994586145,4.5770481994586145,0.0
baseline,Baseline Shelter,2025-01-15T16:00:00+00:00,2025-01-15T21:30:00+05:30,-18.68,-15.49797707602096,-15.902991630077162,-15.023128050416913,20.0,4.71183555548386,4.7118355554838605,0.0
baseline,Baseline Shelter,2025-01-15T17:00:00+00:00,2025-01-15T22:30:00+05:30,-19.56,-16.6157521528429,-16.97456080005418,-16.191697002005697,20.0,4.836879901721876,4.836879901721877,0.0
baseline,Baseline Shelter,2025-01-15T18:00:00+00:00,2025-01-15T23:30:00+05:30,-20.6,-17.698263341991364,-18.050698180035788,-17.27705503161754,20.0,4.9699563149303465,4.9699563149303465,0.0
baseline,Baseline Shelter,2025-01-15T19:00:00+00:00,2025-01-16T00:30:00+05:30,-21.65,-18.769660690613804,-19.11833044321789,-18.35229212348785,20.0,5.106984276709792,5.106984276709792,0.0
baseline,Baseline Shelter,2025-01-15T20:00:00+00:00,2025-01-16T01:30:00+05:30,-22.72,-19.84064926871159,-20.18966736950548,-19.422273455890743,20.0,5.247234331411154,5.247234331411154,0.0
baseline,Baseline Shelter,2025-01-15T21:00:00+00:00,2025-01-16T02:30:00+05:30,-23.94,-20.966276541923378,-21.335822904942578,-20.520894090019773,20.0,5.400389499697987,5.4003894996979875,0.0
baseline,Baseline Shelter,2025-01-15T22:00:00+00:00,2025-01-16T03:30:00+05:30,-24.67,-21.954186102353045,-22.267936912225462,-21.584086050733454,20.0,5.520787782810688,5.520787782810688,0.0
baseline,Baseline Shelter,2025-01-15T23:00:00+00:00,2025-01-16T04:30:00+05:30,-24.68,-22.5767750123606,-22.76216762500967,-22.369275630692616,20.0,5.572449877491959,5.572449877491958,0.0
baseline,Baseline Shelter,2025-01-16T00:00:00+00:00,2025-01-16T05:30:00+05:30,-24.05,-22.721152939947753,-22.747054819405207,-22.702576239429938,20.0,5.546826468711275,5.546826468711275,0.0
baseline,Baseline Shelter,2025-01-16T01:00:00+00:00,2025-01-16T06:30:00+05:30,-23.02,-22.410832628141517,-22.572456099843542,-22.290564677602095,20.0,5.457728367009618,5.457728367009619,0.0
baseline,Baseline Shelter,2025-01-16T02:00:00+00:00,2025-01-16T07:30:00+05:30,-21.32,-20.97149232369699,-21.577282176129376,-20.53761778470536,20.0,5.1694659551539885,5.169465955153989,0.10056620338260695
baseline,Baseline Shelter,2025-01-16T03:00:00+00:00,2025-01-16T08:30:00+05:30,-19.02,-18.920027533433565,-19.771150659557374,-18.249227239526334,20.0,4.825391501685009,4.825391501685008,0.15360931754742824
baseline,Baseline Shelter,2025-01-16T04:00:00+00:00,2025-01-16T09:30:00+05:30,-15.57,-15.64161819643956,-16.986683366734166,-14.594301767831691,20.0,4.28136087395332,4.28136087395332,0.2624599288327551
baseline,Baseline Shelter,2025-01-16T05:00:00+00:00,2025-01-16T10:30:00+05:30,-12.38,-12.03197356844901,-13.443094322156188,-10.887751077602951,20.0,3.755153239414445,3.755153239414445,0.32152720783796235
baseline,Baseline Shelter,2025-01-16T06:00:00+00:00,2025-01-16T11:30:00+05:30,-11.84,-10.230286594701244,-10.795227104623164,-9.682248832276658,20.0,3.6317444307355125,3.631744430735513,0.2225616047601917
baseline,Baseline Shelter,2025-01-16T07:00:00+00:00,2025-01-16T12:30:00+05:30,-12.21,-9.127149215549178,-9.49644392525881,-8.798435549256235,20.0,3.557855470343083,3.557855470343083,0.23783280000000004
baseline,Baseline Shelter,2025-01-16T08:00:00+00:00,2025-01-16T13:30:00+05:30,-12.81,-9.14959101555681,-9.185487853661988,-9.10786364124121,20.0,3.6636950673502944,3.6636950673502944,0.15755192364991702
baseline,Baseline Shelter,2025-01-16T09:00:00+00:00,2025-01-16T14:30:00+05:30,-13.46,-8.831583451566894,-8.945913683624315,-8.755667312376522,20.0,3.63241620607916,3.63241620607916,0.23467181562517442
baseline,Baseline Shelter,2025-01-16T10:00:00+00:00,2025-01-16T15:30:00+05:30,-14.2,-9.617877736648365,-9.87826575945259,-9.24453591594195,20.0,3.8237459582695035,3.8237459582695035,0.14345781661669413
baseline,Baseline Shelter,2025-01-16T11:00:00+00:00,2025-01-16T16:30:00+05:30,-15.16,-11.086743597557918,-11.537100350647167,-10.49524629802291,20.0,4.08504804737874,4.08504804737874,0.04987431609629521
baseline,Baseline Shelter,2025-01-16T12:00:00+00:00,2025-01-16T17:30:00+05:30,-16.69,-12.839843634875848,-13.395709603406132,-12.145001928104712,20.0,4.359817318282755,4.359817318282755,0.0
baseline,Baseline Shelter,2025-01-16T13:00:00+00:00,2025-01-16T18:30:00+05:30,-18.23,-14.473438308617395,-14.998361806714108,-13.846512044729048,20.0,4.583730552535093,4.583730552535092,0.0
baseline,Baseline Shelter,2025-01-16T14:00:00+00:00,2025-01-16T19:30:00+05:30,-19.18,-15.84858034271185,-16.28420578879028,-15.336759047637425,20.0,4.7523394376670405,4.7523394376670405,0.0
baseline,Baseline Shelter,2025-01-16T15:00:00+00:00,2025-01-16T20:30:00+05:30,-19.99,-17.00161178595222,-17.368614662550662,-16.570112372294904,20.0,4.887496274064418,4.887496274064417,0.0
baseline,Baseline Shelter,2025-01-16T16:00:00+00:00,2025-01-16T21:30:00+05:30,-20.98,-18.083688396818022,-18.434804787883394,-17.665162069810442,20.0,5.0218470194639755,5.021847019463976,0.0
baseline,Baseline Shelter,2025-01-16T17:00:00+00:00,2025-01-16T22:30:00+05:30,-22.17,-19.2038143807284,-19.571204117716928,-18.761718973559617,20.0,5.170692057801829,5.170692057801829,0.0
baseline,Baseline Shelter,2025-01-16T18:00:00+00:00,2025-01-16T23:30:00+05:30,-23.66,-20.462461854947193,-20.879087268605524,-19.957237835685785,20.0,5.348505403715235,5.348505403715235,0.0
baseline,Baseline Shelter,2025-01-16T19:00:00+00:00,2025-01-17T00:30:00+05:30,-25.52,-21.950307860320226,-22.444910640866823,-21.34777520340208,20.0,5.568018067462833,5.568018067462833,0.0
baseline,Baseline Shelter,2025-01-16T20:00:00+00:00,2025-01-17T01:30:00+05:30,-27.21,-23.528603450252536,-24.044103407125107,-22.906922812376735,20.0,5.791768131707301,5.791768131707301,0.0
baseline,Baseline Shelter,2025-01-16T21:00:00+00:00,2025-01-17T02:30:00+05:30,-28.51,-25.010035258553,-25.486128941179025,-24.442655270910656,20.0,5.988248434118555,5.988248434118554,0.0
baseline,Baseline Shelter,2025-01-16T22:00:00+00:00,2025-01-17T03:30:00+05:30,-30.03,-26.497638711870874,-26.983171384835778,-25.913575819142682,20.0,6.191827477412466,6.191827477412466,0.0
baseline,Baseline Shelter,2025-01-16T23:00:00+00:00,2025-01-17T04:30:00+05:30,-31.8,-28.092490107294115,-28.61615617997026,-27.458678324761944,20.0,6.418502851818129,6.418502851818129,0.0
baseline,Baseline Shelter,2025-01-17T00:00:00+00:00,2025-01-17T05:30:00+05:30,-33.57,-29.760964411054857,-30.305556885473333,-29.1033728218735,20.0,6.655104075611888,6.655104075611888,0.0
baseline,Baseline Shelter,2025-01-17T01:00:00+00:00,2025-01-17T06:30:00+05:30,-34.9,-31.311410956468368,-31.808195857764137,-30.71912356529826,20.0,6.860601198359302,6.860601198359302,0.0
baseline,Baseline Shelter,2025-01-17T02:00:00+00:00,2025-01-17T07:30:00+05:30,-35.13,-28.266960772816248,-29.36327423268148,-27.813475039307924,20.0,6.137880747342683,6.137880747342684,0.7415812314624541
baseline,Baseline Shelter,2025-01-17T03:00:00+00:00,2025-01-17T08:30:00+05:30,-32.33,-23.721197928522358,-25.30951965178829,-22.816908172635294,20.0,5.342247301968266,5.342247301968266,1.1664212732509875
baseline,Baseline Shelter,2025-01-17T04:00:00+00:00,2025-01-17T09:30:00+05:30,-27.23,-20.440815278009808,-21.63986103057409,-19.599572854059303,20.0,4.910091594082001,4.910091594082,0.9563610576341892
baseline,Baseline Shelter,2025-01-17T05:00:00+00:00,2025-01-17T10:30:00+05:30,-23.14,-16.984250696966814,-18.168998854532198,-16.248736420049067,20.0,4.428118219488176,4.428118219488176,0.8046781795057876
baseline,Baseline Shelter,2025-01-17T06:00:00+00:00,2025-01-17T11:30:00+05:30,-18.67,-14.18371108838953,-15.174842964692163,-13.544601460493816,20.0,4.0851120456642,4.085112045664199,0.5183648828864352
baseline,Baseline Shelter,2025-01-17T07:00:00+00:00,2025-01-17T12:30:00+05:30,-14.46,-11.000440843674417,-12.590052771245992,-9.591401277133977,20.0,3.6280425330607247,3.628042533060724,0.3959153907004736
baseline,Baseline Shelter,2025-01-17T08:00:00+00:00,2025-01-17T13:30:00+05:30,-12.09,-7.726872111822959,-8.946992641518397,-6.629503320605491,20.0,3.215241707058669,3.2152417070586696,0.40177827897538776
baseline,Baseline Shelter,2025-01-17T09:00:00+00:00,2025-01-17T14:30:00+05:30,-11.57,-5.837450557260506,-6.47458373423247,-5.223622067153567,20.0,3.0637306849813633,3.0637306849813633,0.38008259254220184
baseline,Baseline Shelter,2025-01-17T10:00:00+00:00,2025-01-17T15:30:00+05:30,-12.11,-5.424389854815883,-5.496114199014667,-5.328821220343151,20.0,3.137418538113052,3.1374185381130526,0.3332919803571831
baseline,Baseline Shelter,2025-01-17T11:00:00+00:00,2025-01-17T16:30:00+05:30,-14.31,-7.475514717774932,-8.172650134237397,-6.512268786728801,20.0,3.6158088789782465,3.615808878978246,0.14691475978273347
baseline,Baseline Shelter,2025-01-17T12:00:00+00:00,2025-01-17T17:30:00+05:30,-16.34,-10.570286065696818,-11.534935080342484,-9.33899336240147,20.0,4.148926103183016,4.148926103183016,0.0
baseline,Baseline Shelter,2025-01-17T13:00:00+00:00,2025-01-17T18:30:00+05:30,-17.92,-13.000298085648138,-13.754633820987843,-12.11568674788473,20.0,4.467823400178762,4.467823400178762,0.0
baseline,Baseline Shelter,2025-01-17T14:00:00+00:00,2025-01-17T19:30:00+05:30,-19.12,-14.925346821522233,-15.533606942033071,-14.21395272186235,20.0,4.698011247664604,4.6980112476646045,0.0
baseline,Baseline Shelter,2025-01-17T15:00:00+00:00,2025-01-17T20:30:00+05:30,-20.2,-16.518865754516703,-17.025254866621058,-15.924408326811502,20.0,4.880524041710429,4.88052404171043,0.0
baseline,Baseline Shelter,2025-01-17T16:00:00+00:00,2025-01-17T21:30:00+05:30,-20.69,-17.69648946866543,-18.061525681453773,-17.275544514324878,20.0,4.996297209521155,4.996297209521155,0.0
baseline,Baseline Shelter,2025-01-17T17:00:00+00:00,2025-01-17T22:30:00+05:30,-21.12,-18.576636300993275,-18.85254251303197,-18.256914231753775,20.0,5.079575477215812,5.079575477215812,0.0
baseline,Baseline Shelter,2025-01-17T18:00:00+00:00,2025-01-17T23:30:00+05:30,-21.55,-19.27881045182369,-19.501223742428614,-19.01888312664917,20.0,5.148253073472457,5.148253073472457,0.0
baseline,Baseline Shelter,2025-01-17T19:00:00+00:00,2025-01-18T00:30:00+05:30,-22.1,-19.917003076529955,-20.123439488612327,-19.671755657338114,20.0,5.219749543308211,5.219749543308211,0.0
baseline,Baseline Shelter,2025-01-17T20:00:00+00:00,2025-01-18T01:30:00+05:30,-22.69,-20.53606238641345,-20.737339761858582,-20.295494078826117,20.0,5.295302918289542,5.295302918289542,0.0
baseline,Baseline Shelter,2025-01-17T21:00:00+00:00,2025-01-18T02:30:00+05:30,-23.23,-21.126309804451335,-21.317306339664253,-20.89851731149616,20.0,5.368945132468032,5.368945132468032,0.0
baseline,Baseline Shelter,2025-01-17T22:00:00+00:00,2025-01-18T03:30:00+05:30,-23.43,-21.573995098246318,-21.71263574196795,-21.41371839769353,20.0,5.415295023684946,5.415295023684946,0.0
baseline,Baseline Shelter,2025-01-17T23:00:00+00:00,2025-01-18T04:30:00+05:30,-23.35,-21.820399563439846,-21.891767092492266,-21.74273153069335,20.0,5.429492088387732,5.429492088387732,0.0
improved,Improved Envelope,2025-01-15T00:00:00+00:00,2025-01-15T05:30:00+05:30,-30.81,-21.610710710648643,-22.083994386525006,-21.067506210235774,20.0,2.3897738200338368,2.3897738200338368,0.0
improved,Improved Envelope,2025-01-15T01:00:00+00:00,2025-01-15T06:30:00+05:30,-31.99,-22.914649243155996,-23.37538274385832,-22.389857859079225,20.0,2.4631528981199344,2.4631528981199344,0.0
improved,Improved Envelope,2025-01-15T02:00:00+00:00,2025-01-15T07:30:00+05:30,-32.22,-17.126697345212047,-19.745366467283187,-16.04643524753075,20.0,1.8171148736796647,1.8171148736796647,0.6781119693331356
improved,Improved Envelope,2025-01-15T03:00:00+00:00,2025-01-15T08:30:00+05:30,-29.35,-9.52759632175704,-12.1641789326182,-8.52816678396679,20.0,1.21531932964887,1.21531932964887,1.1952883569177084
improved,Improved Envelope,2025-01-15T04:00:00+00:00,2025-01-15T09:30:00+05:30,-24.34,-6.495744872889342,-7.098022294923305,-6.188269899032184,20.0,1.1145992180422255,1.1145992180422253,1.1183149163868393
improved,Improved Envelope,2025-01-15T05:00:00+00:00,2025-01-15T10:30:00+05:30,-20.29,-5.949568692647663,-6.707580442796138,-5.518005332342897,20.0,1.158344082538689,1.158344082538689,0.89352515548894
improved,Improved Envelope,2025-01-15T06:00:00+00:00,2025-01-15T11:30:00+05:30,-15.8,-7.208020188319605,-8.281571246931156,-6.478387624776402,20.0,1.3261635593650682,1.3261635593650685,0.5240304802109003
improved,Improved Envelope,2025-01-15T07:00:00+00:00,2025-01-15T12:30:00+05:30,-11.77,-7.100370374091294,-8.089030186888506,-6.004847159009842,20.0,1.2780032024420755,1.2780032024420755,0.37681697570686995
improved,Improved Envelope,2025-01-15T08:00:00+00:00,2025-01-15T13:30:00+05:30,-10.09,-4.341176074390362,-5.477519733591561,-3.2586674168296303,20.0,1.0747569854019452,1.0747569854019452,0.4412285507255478
improved,Improved Envelope,2025-01-15T09:00:00+00:00,2025-01-15T14:30:00+05:30,-9.71,-2.7426935055151436,-3.292612248458442,-2.0692310983963074,20.0,1.0088974166754547,1.0088974166754547,0.4197296284182407
improved,Improved Envelope,2025-01-15T10:00:00+00:00,2025-01-15T15:30:00+05:30,-10.22,-2.1375484645686353,-2.3930509099716115,-1.722353378254065,20.0,1.0122225533189204,1.0122225533189204,0.3744125331490288
improved,Improved Envelope,2025-01-15T11:00:00+00:00,2025-01-15T16:30:00+05:30,-12.16,-4.073469723818586,-4.485475829437609,-3.1179479797113148,20.0,1.2489868078240598,1.2489868078240598,0.16729659196158697
improved,Improved Envelope,2025-01-15T12:00:00+00:00,2025-01-15T17:30:00+05:30,-14.43,-6.907423173319709,-7.578913747775623,-5.774044652152578,20.0,1.494358772479989,1.4943587724799887,0.0
improved,Improved Envelope,2025-01-15T13:00:00+00:00,2025-01-15T18:30:00+05:30,-15.95,-8.345554571030867,-8.718529409812113,-7.892512616473729,20.0,1.571040984635295,1.5710409846352948,0.0
improved,Improved Envelope,2025-01-15T14:00:00+00:00,2025-01-15T19:30:00+05:30,-16.99,-9.371405768529408,-9.724085252042546,-8.965119741318217,20.0,1.636617023157082,1.636617023157082,0.0
improved,Improved Envelope,2025-01-15T15:00:00+00:00,2025-01-15T20:30:00+05:30,-17.83,-10.329141463578118,-10.667186660086593,-9.9460636501903,20.0,1.6949396741685059,1.6949396741685059,0.0
improved,Improved Envelope,2025-01-15T16:00:00+00:00,2025-01-15T21:30:00+05:30,-18.68,-11.264282052424788,-11.596710176797524,-10.8868935844934,20.0,1.7504742333927146,1.7504742333927146,0.0
improved,Improved Envelope,2025-01-15T17:00:00+00:00,2025-01-15T22:30:00+05:30,-19.56,-12.194174927636013,-12.524335881231554,-11.817953289251436,20.0,1.8048284885581583,1.8048284885581583,0.0
improved,Improved Envelope,2025-01-15T18:00:00+00:00,2025-01-15T23:30:00+05:30,-20.6,-13.157014989069012,-13.497735059761899,-12.763735377727954,20.0,1.862152128996471,1.8621521289964709,0.0
improved,Improved Envelope,2025-01-15T19:00:00+00:00,2025-01-16T00:30:00+05:30,-21.65,-14.140026251748656,-14.48605208580642,-13.740644941035228,20.0,1.9198666744610753,1.9198666744610753,0.0
improved,Improved Envelope,2025-01-15T20:00:00+00:00,2025-01-16T01:30:00+05:30,-22.72,-15.139287746550108,-15.491061640745828,-14.733135067182127,20.0,1.9781765207892852,1.9781765207892852,0.0
improved,Improved Envelope,2025-01-15T21:00:00+00:00,2025-01-16T02:30:00+05:30,-23.94,-16.187284197948312,-16.555823004639805,-15.758041870111784,20.0,2.0406059908464402,2.0406059908464402,0.0
improved,Improved Envelope,2025-01-15T22:00:00+00:00,2025-01-16T03:30:00+05:30,-24.67,-17.14727287662767,-17.484898658881566,-16.768407031470435,20.0,2.0910610908854084,2.0910610908854084,0.0
improved,Improved Envelope,2025-01-15T23:00:00+00:00,2025-01-16T04:30:00+05:30,-24.68,-17.880551489246116,-18.14574694548191,-17.604416340076252,20.0,2.119758829727071,2.1197588297270706,0.0
improved,Improved Envelope,2025-01-16T00:00:00+00:00,2025-01-16T05:30:00+05:30,-24.05,-18.32377987050153,-18.495245275081245,-18.169529615085633,20.0,2.124812570602413,2.124812570602413,0.0
improved,Improved Envelope,2025-01-16T01:00:00+00:00,2025-01-16T06:30:00+05:30,-23.02,-18.485014617234736,-18.562637933783574,-18.43781855821987,20.0,2.1097669030773734,2.1097669030773734,0.0
improved,Improved Envelope,2025-01-16T02:00:00+00:00,2025-01-16T07:30:00+05:30,-21.32,-17.303859890625183,-17.854875903122185,-17.03363301566848,20.0,1.9681093831866077,1.9681093831866077,0.09591501647616138
improved,Improved Envelope,2025-01-16T03:00:00+00:00,2025-01-16T08:30:00+05:30,-19.02,-15.827441112184074,-16.420041053690053,-15.453928531952213,20.0,1.8400638658432307,1.8400638658432305,0.1465048866108597
improved,Improved Envelope,2025-01-16T04:00:00+00:00,2025-01-16T09:30:00+05:30,-15.57,-13.233589282054679,-14.340870414214558,-12.516555051043513,20.0,1.611122305299444,1.6111223052994441,0.25032115712424025
improved,Improved Envelope,2025-01-16T05:00:00+00:00,2025-01-16T10:30:00+05:30,-12.38,-10.539670695488342,-11.601743189976471,-9.766377712964008,20.0,1.4165443915726885,1.4165443915726885,0.3066565744754565
improved,Improved Envelope,2025-01-16T06:00:00+00:00,2025-01-16T11:30:00+05:30,-11.84,-9.854262258262025,-10.02550982336247,-9.57438399341893,20.0,1.435117382932255,1.435117382932255,0.21226813054003288
improved,Improved Envelope,2025-01-16T07:00:00+00:00,2025-01-16T12:30:00+05:30,-12.21,-8.967660710015846,-9.374443028052356,-8.589673299060115,20.0,1.381094140113679,1.3810941401136791,0.22683303300000002
improved,Improved Envelope,2025-01-16T08:00:00+00:00,2025-01-16T13:30:00+05:30,-12.81,-9.069952197769558,-9.161999257323581,-8.963732720625059,20.0,1.4390958958672764,1.4390958958672764,0.15026514718110834
improved,Improved Envelope,2025-01-16T09:00:00+00:00,2025-01-16T14:30:00+05:30,-13.46,-8.1058010521895,-8.570918993507782,-7.760244126446625,20.0,1.358632398766243,1.358632398766243,0.22381824415251012
improved,Improved Envelope,2025-01-16T10:00:00+00:00,2025-01-16T15:30:00+05:30,-14.2,-8.590323995676913,-8.703633745953242,-8.27464702610859,20.0,1.4542332953682189,1.454233295368219,0.136822892598172
improved,Improved Envelope,2025-01-16T11:00:00+00:00,2025-01-16T16:30:00+05:30,-15.16,-9.80872326205153,-10.071162934747989,-9.31351567145906,20.0,1.57308852564311,1.57308852564311,0.04756762897684157
improved,Improved Envelope,2025-01-16T12:00:00+00:00,2025-01-16T17:30:00+05:30,-16.69,-11.054219442613167,-11.372625522888168,-10.566061019224305,20.0,1.6761439979925727,1.6761439979925727,0.0
improved,Improved Envelope,2025-01-16T13:00:00+00:00,2025-01-16T18:30:00+05:30,-18.23,-11.983384093068025,-12.262849184442194,-11.632456811937331,20.0,1.7404629582232922,1.7404629582232922,0.0
improved,Improved Envelope,2025-01-16T14:00:00+00:00,2025-01-16T19:30:00+05:30,-19.18,-12.781546483240925,-13.051274112692242,-12.4646624381024,20.0,1.794082149661506,1.794082149661506,0.0
improved,Improved Envelope,2025-01-16T15:00:00+00:00,2025-01-16T20:30:00+05:30,-19.99,-13.548479388469586,-13.816285400452374,-13.23932363646682,20.0,1.843720953171098,1.843720953171098,0.0
improved,Improved Envelope,2025-01-16T16:00:00+00:00,2025-01-16T21:30:00+05:30,-20.98,-14.360778862187011,-14.64623050560929,-14.026709377266672,20.0,1.8969241776462005,1.8969241776462002,0.0
improved,Improved Envelope,2025-01-16T17:00:00+00:00,2025-01-16T22:30:00+05:30,-22.17,-15.254891276708442,-15.567028689393142,-14.885424261035071,20.0,1.9558132183575674,1.9558132183575674,0.0
improved,Improved Envelope,2025-01-16T18:00:00+00:00,2025-01-16T23:30:00+05:30,-23.66,-16.274617324867695,-16.628613436186996,-15.850166419458077,20.0,2.0243116569780004,2.0243116569780004,0.0
improved,Improved Envelope,2025-01-16T19:00:00+00:00,2025-01-17T00:30:00+05:30,-25.52,-17.468346214618574,-17.88023864242449,-16.969276917941517,20.0,2.1064663662535335,2.106466366253534,0.0
improved,Improved Envelope,2025-01-16T20:00:00+00:00,2025-01-17T01:30:00+05:30,-27.21,-18.73668576789684,-19.17262086026223,-18.218432195499446,20.0,2.1893218960446656,2.1893218960446656,0.0
improved,Improved Envelope,2025-01-16T21:00:00+00:00,2025-01-17T02:30:00+05:30,-28.51,-19.97016484299758,-20.398330428255598,-19.47466001509698,20.0,2.2646680189076718,2.2646680189076718,0.0
improved,Improved Envelope,2025-01-16T22:00:00+00:00,2025-01-17T03:30:00+05:30,-30.03,-21.256107149285437,-21.707563302067875,-20.728280174885633,20.0,2.3457397324788722,2.3457397324788727,0.0
improved,Improved Envelope,2025-01-16T23:00:00+00:00,2025-01-17T04:30:00+05:30,-31.8,-22.64863849713642,-23.13499179146238,-22.07455692753235,20.0,2.435389581982012,2.435389581982012,0.0
improved,Improved Envelope,2025-01-17T00:00:00+00:00,2025-01-17T05:30:00+05:30,-33.57,-24.11026036216776,-24.618767064631964,-23.51259409290831,20.0,2.5281484458740047,2.5281484458740047,0.0
improved,Improved Envelope,2025-01-17T01:00:00+00:00,2025-01-17T06:30:00+05:30,-34.9,-25.512314148826817,-26.001842340563417,-24.95107609261665,20.0,2.610633899426383,2.610633899426383,0.0
improved,Improved Envelope,2025-01-17T02:00:00+00:00,2025-01-17T07:30:00+05:30,-35.13,-19.522150794256834,-22.24941135976945,-18.39224695226627,20.0,1.939457127054691,1.939457127054691,0.7072830995073158
improved,Improved Envelope,2025-01-17T03:00:00+00:00,2025-01-17T08:30:00+05:30,-32.33,-13.041270494654837,-15.186639134378007,-12.238821141072348,20.0,1.4553886996442864,1.4553886996442864,1.1124742893631294
improved,Improved Envelope,2025-01-17T04:00:00+00:00,2025-01-17T09:30:00+05:30,-27.23,-11.67176962836676,-11.96518569881736,-11.48670712568857,20.0,1.4833964369719113,1.483396436971911,0.9121293587186079
improved,Improved Envelope,2025-01-17T05:00:00+00:00,2025-01-17T10:30:00+05:30,-23.14,-10.874055149816867,-11.323378247358361,-10.580887761646297,20.0,1.453745217022458,1.453745217022458,0.7674618137036446
improved,Improved Envelope,2025-01-17T06:00:00+00:00,2025-01-17T11:30:00+05:30,-18.67,-11.207012305342403,-11.768124744080371,-10.8846592337491,20.0,1.5303773979896196,1.5303773979896196,0.49439050705293747
improved,Improved Envelope,2025-01-17T07:00:00+00:00,2025-01-17T12:30:00+05:30,-14.46,-10.501235066421387,-11.474083167612822,-9.483493066859538,20.0,1.4497983174323366,1.4497983174323366,0.37760430388057675
improved,Improved Envelope,2025-01-17T08:00:00+00:00,2025-01-17T13:30:00+05:30,-12.09,-8.181873853770465,-9.143365441108749,-7.209529038829527,20.0,1.2896426038319704,1.2896426038319704,0.383196033572776
improved,Improved Envelope,2025-01-17T09:00:00+00:00,2025-01-17T14:30:00+05:30,-11.57,-6.6021874310223305,-7.197764393406804,-5.89721596313675,20.0,1.214521691382005,1.214521691382005,0.362503772637125
improved,Improved Envelope,2025-01-17T10:00:00+00:00,2025-01-17T15:30:00+05:30,-12.11,-5.9349972948818,-6.1656090532069365,-5.559043025939099,20.0,1.2145841758134013,1.2145841758134015,0.3178772262656634
improved,Improved Envelope,2025-01-17T11:00:00+00:00,2025-01-17T16:30:00+05:30,-14.31,-7.595914643305303,-7.936341062254016,-6.77476030704371,20.0,1.4246976934985425,1.4246976934985427,0.14011995214278206
improved,Improved Envelope,2025-01-17T12:00:00+00:00,2025-01-17T17:30:00+05:30,-16.34,-9.946147455961228,-10.491247761754318,-9.010650878878103,20.0,1.6311763156662198,1.6311763156662198,0.0
improved,Improved Envelope,2025-01-17T13:00:00+00:00,2025-01-17T18:30:00+05:30,-17.92,-11.178283926491615,-11.495805494911064,-10.781708352166975,20.0,1.7024406270085473,1.7024406270085473,0.0
improved,Improved Envelope,2025-01-17T14:00:00+00:00,2025-01-17T19:30:00+05:30,-19.12,-12.116669754856332,-12.43473380655016,-11.740161182106148,20.0,1.7673940025472614,1.7673940025472614,0.0
improved,Improved Envelope,2025-01-17T15:00:00+00:00,2025-01-17T20:30:00+05:30,-20.2,-13.048585068271523,-13.372646913625767,-12.67071887600037,20.0,1.829494610988538,1.8294946109885382,0.0
improved,Improved Envelope,2025-01-17T16:00:00+00:00,2025-01-17T21:30:00+05:30,-20.69,-13.855073153488958,-14.13888768551062,-13.541219486394118,20.0,1.875279349330166,1.875279349330166,0.0
improved,Improved Envelope,2025-01-17T17:00:00+00:00,2025-01-17T22:30:00+05:30,-21.12,-14.579125089381355,-14.84060021483844,-14.29127329427864,20.0,1.9149731320427974,1.9149731320427976,0.0
improved,Improved Envelope,2025-01-17T18:00:00+00:00,2025-01-17T23:30:00+05:30,-21.55,-15.255559401912604,-15.500254389487718,-14.985247560690771,20.0,1.9507900335477923,1.9507900335477921,0.0
improved,Improved Envelope,2025-01-17T19:00:00+00:00,2025-01-18T00:30:00+05:30,-22.1,-15.923498827695864,-16.16410194390887,-15.652959873007712,20.0,1.9869400202620435,1.9869400202620435,0.0
improved,Improved Envelope,2025-01-17T20:00:00+00:00,2025-01-18T01:30:00+05:30,-22.69,-16.5873632467306,-16.82449584429009,-16.318804988653202,20.0,2.022853124400397,2.022853124400397,0.0
improved,Improved Envelope,2025-01-17T21:00:00+00:00,2025-01-18T02:30:00+05:30,-23.23,-17.22971287740341,-17.458572981578964,-16.97152714345035,20.0,2.056805382328094,2.056805382328094,0.0
improved,Improved Envelope,2025-01-17T22:00:00+00:00,2025-01-18T03:30:00+05:30,-23.43,-17.772436279720196,-17.96729071947783,-17.562319504372365,20.0,2.080670066386237,2.0806700663862374,0.0
improved,Improved Envelope,2025-01-17T23:00:00+00:00,2025-01-18T04:30:00+05:30,-23.35,-18.184043347144293,-18.336524220128652,-18.02863434450164,20.0,2.0942313181545056,2.0942313181545056,0.0
optimized,Passive-Optimized,2025-01-15T00:00:00+00:00,2025-01-15T05:30:00+05:30,-30.81,-17.340404503774472,-17.809858354338747,-16.82005140393987,20.0,1.5363187594625922,1.536318759462592,0.0
optimized,Passive-Optimized,2025-01-15T01:00:00+00:00,2025-01-15T06:30:00+05:30,-31.99,-18.581576361747835,-19.04359806700665,-18.072867070658926,20.0,1.5849487135421259,1.5849487135421259,0.0
optimized,Passive-Optimized,2025-01-15T02:00:00+00:00,2025-01-15T07:30:00+05:30,-32.22,-15.524886874935762,-17.360590160261648,-14.356386879799873,20.0,1.2829498174343283,1.2829498174343283,0.3278547282970333
optimized,Passive-Optimized,2025-01-15T03:00:00+00:00,2025-01-15T08:30:00+05:30,-29.35,-7.916379739615267,-11.429245863629328,-5.488370218042659,20.0,0.7627868014697643,0.7627868014697644,0.8074474305889162
optimized,Passive-Optimized,2025-01-15T04:00:00+00:00,2025-01-15T09:30:00+05:30,-24.34,-0.8378611020324461,-3.5296128487034286,1.217769154811679,20.0,0.40886127930441507,0.408861279304415,1.0660652606181051
optimized,Passive-Optimized,2025-01-15T05:00:00+00:00,2025-01-15T10:30:00+05:30,-20.29,5.702499775010602,3.0939433632378095,7.701953701567947,20.0,0.07792274564411374,0.07792274564411374,1.2967873281778166
optimized,Passive-Optimized,2025-01-15T06:00:00+00:00,2025-01-15T11:30:00+05:30,-15.8,10.058109667398416,8.553710271398208,11.344244125875866,20.851558415920604,0.0,0.0,1.329183509936344
optimized,Passive-Optimized,2025-01-15T07:00:00+00:00,2025-01-15T12:30:00+05:30,-11.77,12.999756241252904,11.925678879604442,13.923644516954251,22.45555197878238,0.0,0.0,1.3028171511600375
optimized,Passive-Optimized,2025-01-15T08:00:00+00:00,2025-01-15T13:30:00+05:30,-10.09,12.16411611053652,11.932977385218672,12.830942967382523,20.59490174205874,0.0,0.0,1.03965495639866
optimized,Passive-Optimized,2025-01-15T09:00:00+00:00,2025-01-15T14:30:00+05:30,-9.71,9.837509322053169,9.348383988182983,10.810060360701398,20.0,0.20042834530876702,0.200428345308767,0.7892555640907206
optimized,Passive-Optimized,2025-01-15T10:00:00+00:00,2025-01-15T15:30:00+05:30,-10.22,8.574549438995895,8.188009116210837,9.025608113994796,20.0,0.28585286006794,0.2858528600679399,0.6744323749293155
optimized,Passive-Optimized,2025-01-15T11:00:00+00:00,2025-01-15T16:30:00+05:30,-12.16,2.870818602284355,1.2927585350555488,5.501761755879632,20.0,0.7252063662955889,0.7252063662955888,0.24447414606334053
optimized,Passive-Optimized,2025-01-15T12:00:00+00:00,2025-01-15T17:30:00+05:30,-14.43,-2.510018207548116,-3.6668090879384394,-0.6016245200638579,20.0,1.0061724558144252,1.0061724558144252,0.0
optimized,Passive-Optimized,2025-01-15T13:00:00+00:00,2025-01-15T18:30:00+05:30,-15.95,-4.502952310129156,-4.925724886412039,-3.99324936572374,20.0,1.0435544991001136,1.0435544991001138,0.0
optimized,Passive-Optimized,2025-01-15T14:00:00+00:00,2025-01-15T19:30:00+05:30,-16.99,-5.559787240335648,-5.931609753729933,-5.14626931083609,20.0,1.0770180682244233,1.0770180682244233,0.0
optimized,Passive-Optimized,2025-01-15T15:00:00+00:00,2025-01-15T20:30:00+05:30,-17.83,-6.521339318515314,-6.877936436767438,-6.1310578448832995,20.0,1.1083804939358253,1.1083804939358253,0.0
optimized,Passive-Optimized,2025-01-15T16:00:00+00:00,2025-01-15T21:30:00+05:30,-18.68,-7.459417464936323,-7.810786130209714,-7.074710240502682,20.0,1.1397670679921221,1.1397670679921221,0.0
optimized,Passive-Optimized,2025-01-15T17:00:00+00:00,2025-01-15T22:30:00+05:30,-19.56,-8.391410225907256,-8.740576146747996,-8.008139288454657,20.0,1.1717202018509176,1.1717202018509176,0.0
optimized,Passive-Optimized,2025-01-15T18:00:00+00:00,2025-01-15T23:30:00+05:30,-20.6,-9.346150936496297,-9.70371757815213,-8.949849551349052,20.0,1.206331516064445,1.2063315160644448,0.0
optimized,Passive-Optimized,2025-01-15T19:00:00+00:00,2025-01-16T00:30:00+05:30,-21.65,-10.316392372345161,-10.677837316724352,-9.915584034399554,20.0,1.2419176070144429,1.2419176070144429,0.0
optimized,Passive-Optimized,2025-01-15T20:00:00+00:00,2025-01-16T01:30:00+05:30,-22.72,-11.298427914988347,-11.664249972963272,-10.892568839434983,20.0,1.2784679079783856,1.2784679079783858,0.0
optimized,Passive-Optimized,2025-01-15T21:00:00+00:00,2025-01-16T02:30:00+05:30,-23.94,-12.316559913836533,-12.69613395832077,-11.89251372403427,20.0,1.3178981987422664,1.3178981987422664,0.0
optimized,Passive-Optimized,2025-01-15T22:00:00+00:00,2025-01-16T03:30:00+05:30,-24.67,-13.273003865833642,-13.626776888984207,-12.888534954688112,20.0,1.3509139482757644,1.3509139482757644,0.0
optimized,Passive-Optimized,2025-01-15T23:00:00+00:00,2025-01-16T04:30:00+05:30,-24.68,-14.058556147899175,-14.352762004698025,-13.755459419822323,20.0,1.3718584874201232,1.371858487420123,0.0
optimized,Passive-Optimized,2025-01-16T00:00:00+00:00,2025-01-16T05:30:00+05:30,-24.05,-14.620412139970194,-14.838008148387678,-14.414217151346527,20.0,1.3794770532275298,1.3794770532275296,0.0
optimized,Passive-Optimized,2025-01-16T01:00:00+00:00,2025-01-16T06:30:00+05:30,-23.02,-14.960116288061982,-15.10067298379802,-14.844609575787581,20.0,1.3755141938554662,1.375514193855466,0.0
optimized,Passive-Optimized,2025-01-16T02:00:00+00:00,2025-01-16T07:30:00+05:30,-21.32,-14.294319837864755,-14.684202605481248,-14.083739292672972,20.0,1.2972699820068898,1.2972699820068898,0.05644145838825801
optimized,Passive-Optimized,2025-01-16T03:00:00+00:00,2025-01-16T08:30:00+05:30,-19.02,-12.986336624200817,-13.55288607789704,-12.630932546035966,20.0,1.2011557523126055,1.2011557523126057,0.11200240463901276
optimized,Passive-Optimized,2025-01-16T04:00:00+00:00,2025-01-16T09:30:00+05:30,-15.57,-10.679198733178694,-11.722327314811782,-9.978874021260937,20.0,1.0414281916390036,1.0414281916390038,0.20287373073263265
optimized,Passive-Optimized,2025-01-16T05:00:00+00:00,2025-01-16T10:30:00+05:30,-12.38,-8.315332431555374,-9.255178493564578,-7.619596224347419,20.0,0.9128165265348742,0.9128165265348742,0.2535610671494317
optimized,Passive-Optimized,2025-01-16T06:00:00+00:00,2025-01-16T11:30:00+05:30,-11.84,-7.96971162509345,-8.054028854267965,-7.858889810613413,20.0,0.9464363042197516,0.9464363042197517,0.1754090735036194
optimized,Passive-Optimized,2025-01-16T07:00:00+00:00,2025-01-16T12:30:00+05:30,-12.21,-7.507677510395081,-7.766981939176167,-7.244055691914605,20.0,0.9177806395013313,0.9177806395013313,0.1783746
optimized,Passive-Optimized,2025-01-16T08:00:00+00:00,2025-01-16T13:30:00+05:30,-12.81,-6.540732195836374,-6.939890466459451,-6.246642083012934,20.0,0.8676479216445313,0.8676479216445312,0.2135675372492544
optimized,Passive-Optimized,2025-01-16T09:00:00+00:00,2025-01-16T14:30:00+05:30,-13.46,-5.798524701486852,-6.064999439527271,-5.58818754652156,20.0,0.8435601145590272,0.8435601145590272,0.22914434173990283
optimized,Passive-Optimized,2025-01-16T10:00:00+00:00,2025-01-16T15:30:00+05:30,-14.2,-6.73214297702254,-7.00116026684796,-6.198578051327967,20.0,0.9436822787661796,0.9436822787661796,0.12928887543130343
optimized,Passive-Optimized,2025-01-16T11:00:00+00:00,2025-01-16T16:30:00+05:30,-15.16,-8.17861254935964,-8.52572818972466,-7.591780080241451,20.0,1.036939033964903,1.036939033964903,0.04849160125968123
optimized,Passive-Optimized,2025-01-16T12:00:00+00:00,2025-01-16T17:30:00+05:30,-16.69,-9.521295480673766,-9.857796374075717,-9.00155407741901,20.0,1.1134263702659961,1.1134263702659961,0.0
optimized,Passive-Optimized,2025-01-16T13:00:00+00:00,2025-01-16T18:30:00+05:30,-18.23,-10.3359927212935,-10.565211568723695,-10.050792805885896,20.0,1.1476233540965977,1.1476233540965977,0.0
optimized,Passive-Optimized,2025-01-16T14:00:00+00:00,2025-01-16T19:30:00+05:30,-19.18,-10.964785739111635,-11.183635044332112,-10.712161406935296,20.0,1.1770004260125881,1.1770004260125884,0.0
optimized,Passive-Optimized,2025-01-16T15:00:00+00:00,2025-01-16T20:30:00+05:30,-19.99,-11.574121248752554,-11.796396623596683,-11.32283549111234,20.0,1.2053219175956003,1.2053219175956003,0.0
optimized,Passive-Optimized,2025-01-16T16:00:00+00:00,2025-01-16T21:30:00+05:30,-20.98,-12.2296913955399,-12.472389081249645,-11.952898850334837,20.0,1.2366827462932426,1.2366827462932426,0.0
optimized,Passive-Optimized,2025-01-16T17:00:00+00:00,2025-01-16T22:30:00+05:30,-22.17,-12.961813466151524,-13.231958803855568,-12.651224194358223,20.0,1.2720933174371474,1.2720933174371474,0.0
optimized,Passive-Optimized,2025-01-16T18:00:00+00:00,2025-01-16T23:30:00+05:30,-23.66,-13.803125765884156,-14.112823247852583,-13.443536583444201,20.0,1.3136838458398823,1.3136838458398823,0.0
optimized,Passive-Optimized,2025-01-16T19:00:00+00:00,2025-01-17T00:30:00+05:30,-25.52,-14.791190851814923,-15.153526487299574,-14.36692614817058,20.0,1.3637217806468933,1.3637217806468935,0.0
optimized,Passive-Optimized,2025-01-16T20:00:00+00:00,2025-01-17T01:30:00+05:30,-27.21,-15.856384244288927,-16.243162049542967,-15.410837881532743,20.0,1.4148042936810605,1.4148042936810603,0.0
optimized,Passive-Optimized,2025-01-16T21:00:00+00:00,2025-01-17T02:30:00+05:30,-28.51,-16.913573137421576,-17.299095643633937,-16.479917844856534,20.0,1.462282310864093,1.462282310864093,0.0
optimized,Passive-Optimized,2025-01-16T22:00:00+00:00,2025-01-17T03:30:00+05:30,-30.03,-18.022111281424042,-18.43303701732142,-17.556894941935383,20.0,1.5136936654491449,1.5136936654491449,0.0
optimized,Passive-Optimized,2025-01-16T23:00:00+00:00,2025-01-17T04:30:00+05:30,-31.8,-19.2276501760571,-19.67343990393885,-18.719320413857826,20.0,1.5705483157163234,1.5705483157163231,0.0
optimized,Passive-Optimized,2025-01-17T00:00:00+00:00,2025-01-17T05:30:00+05:30,-33.57,-20.50434437984136,-20.973941607392465,-19.97093431120575,20.0,1.6296688080801487,1.6296688080801487,0.0
optimized,Passive-Optimized,2025-01-17T01:00:00+00:00,2025-01-17T06:30:00+05:30,-34.9,-21.7552499698223,-22.214370810679597,-21.244539395455394,20.0,1.6833942252033196,1.6833942252033196,0.0
optimized,Passive-Optimized,2025-01-17T02:00:00+00:00,2025-01-17T07:30:00+05:30,-35.13,-18.603260759638136,-20.502641116056527,-17.37861947075289,20.0,1.375247558619888,1.375247558619888,0.3363930854935921
optimized,Passive-Optimized,2025-01-17T03:00:00+00:00,2025-01-17T08:30:00+05:30,-32.33,-11.877405327940224,-14.905292384167343,-9.754265040719565,20.0,0.9308881178990924,0.9308881178990925,0.7436005563960384
optimized,Passive-Optimized,2025-01-17T04:00:00+00:00,2025-01-17T09:30:00+05:30,-27.23,-7.098094321080217,-8.730508984142602,-5.744595187214275,20.0,0.7311202903901808,0.7311202903901808,0.8512955359365952
optimized,Passive-Optimized,2025-01-17T05:00:00+00:00,2025-01-17T10:30:00+05:30,-23.14,-1.6363978674138284,-3.99925574569933,0.14067510755096624,20.0,0.4172424969958867,0.4172424969958867,1.069358741770287
optimized,Passive-Optimized,2025-01-17T06:00:00+00:00,2025-01-17T11:30:00+05:30,-18.67,1.5987165858637589,0.5847077976086711,2.5480203907734884,20.0,0.3318874631750157,0.3318874631750157,1.0429041441977722
optimized,Passive-Optimized,2025-01-17T07:00:00+00:00,2025-01-17T12:30:00+05:30,-14.46,4.2868091917207245,3.1958171667160693,5.1976448379974505,20.0,0.2227919644476575,0.22279196444765753,1.0366658457930278
optimized,Passive-Optimized,2025-01-17T08:00:00+00:00,2025-01-17T13:30:00+05:30,-12.09,4.7826178538644415,4.667398532262833,4.9631969680776304,20.0,0.28967019369143726,0.28967019369143726,0.8769045865024149
optimized,Passive-Optimized,2025-01-17T09:00:00+00:00,2025-01-17T14:30:00+05:30,-11.57,4.14683011281153,4.027622909977613,4.472868034615157,20.0,0.38121018654185657,0.38121018654185657,0.7241271474525187
optimized,Passive-Optimized,2025-01-17T10:00:00+00:00,2025-01-17T15:30:00+05:30,-12.11,2.0508555820597985,1.4859118809253467,3.011966217846163,20.0,0.5610040380643785,0.5610040380643785,0.5108091617731686
optimized,Passive-Optimized,2025-01-17T11:00:00+00:00,2025-01-17T16:30:00+05:30,-14.31,-2.469677467994488,-3.641773313817866,-0.5067485070403858,20.0,0.8834712017858206,0.8834712017858207,0.19760462314847646
optimized,Passive-Optimized,2025-01-17T12:00:00+00:00,2025-01-17T17:30:00+05:30,-16.34,-6.672616086808854,-7.585127767191088,-5.152814855101092,20.0,1.1096168953209156,1.1096168953209156,0.0
optimized,Passive-Optimized,2025-01-17T13:00:00+00:00,2025-01-17T18:30:00+05:30,-17.92,-8.28333390794511,-8.620372980586504,-7.8657781656096475,20.0,1.1427477115407698,1.1427477115407698,0.0
optimized,Passive-Optimized,2025-01-17T14:00:00+00:00,2025-01-17T19:30:00+05:30,-19.12,-9.175907273535394,-9.48591993088935,-8.8217099681388,20.0,1.1746551273342185,1.1746551273342185,0.0
optimized,Passive-Optimized,2025-01-17T15:00:00+00:00,2025-01-17T20:30:00+05:30,-20.2,-10.032369567680288,-10.346164051910565,-9.679311676214986,20.0,1.2070150848780137,1.2070150848780135,0.0
optimized,Passive-Optimized,2025-01-17T16:00:00+00:00,2025-01-17T21:30:00+05:30,-20.69,-10.798894343701775,-11.080501783232563,-10.495074656463634,20.0,1.2317584621111843,1.2317584621111841,0.0
optimized,Passive-Optimized,2025-01-17T17:00:00+00:00,2025-01-17T22:30:00+05:30,-21.12,-11.502168572052652,-11.767464205249603,-11.217621584595458,20.0,1.2544009048023848,1.2544009048023845,0.0
optimized,Passive-Optimized,2025-01-17T18:00:00+00:00,2025-01-17T23:30:00+05:30,-21.55,-12.17117318094705,-12.42454551990657,-11.899069478704805,20.0,1.2758187907041916,1.2758187907041914,0.0
optimized,Passive-Optimized,2025-01-17T19:00:00+00:00,2025-01-18T00:30:00+05:30,-22.1,-12.834433228790521,-13.085754731592068,-12.561252387851843,20.0,1.2981244119914952,1.2981244119914952,0.0
optimized,Passive-Optimized,2025-01-17T20:00:00+00:00,2025-01-18T01:30:00+05:30,-22.69,-13.495964335923597,-13.745058273080572,-13.223826641349493,20.0,1.3207792651321886,1.3207792651321884,0.0
optimized,Passive-Optimized,2025-01-17T21:00:00+00:00,2025-01-18T02:30:00+05:30,-23.23,-14.142031081893288,-14.384515031124208,-13.877924631617585,20.0,1.3426684060791487,1.3426684060791487,0.0
optimized,Passive-Optimized,2025-01-17T22:00:00+00:00,2025-01-18T03:30:00+05:30,-23.43,-14.714033312169732,-14.928383595315735,-14.488005639270357,20.0,1.3590489847005423,1.3590489847005423,0.0
optimized,Passive-Optimized,2025-01-17T23:00:00+00:00,2025-01-18T04:30:00+05:30,-23.35,-15.184266442504374,-15.363726655230199,-15.001993277086784,20.0,1.369708157420867,1.369708157420867,0.0
